Component,Origin,License,Copyright
aho-corasick,https://github.com/BurntSushi/aho-corasick,Unlicense OR MIT,Andrew Gallant <jamslam@gmail.com>
allocator-api2,https://github.com/zakarumych/allocator-api2,MIT OR Apache-2.0,Zakarum <zaq.dev@icloud.com>
android_system_properties,https://github.com/nical/android_system_properties,MIT OR Apache-2.0,Nicolas Silva <nical@fastmail.com>
anyhow,https://github.com/dtolnay/anyhow,MIT OR Apache-2.0,David Tolnay <dtolnay@gmail.com>
arc-swap,https://github.com/vorner/arc-swap,MIT OR Apache-2.0,Michal 'vorner' Vaner <vorner@vorner.cz>
async-stream,https://github.com/tokio-rs/async-stream,MIT,Carl Lerche <me@carllerche.com>
async-stream-impl,https://github.com/tokio-rs/async-stream,MIT,Carl Lerche <me@carllerche.com>
async-trait,https://github.com/dtolnay/async-trait,MIT OR Apache-2.0,David Tolnay <dtolnay@gmail.com>
atomic-waker,https://github.com/smol-rs/atomic-waker,Apache-2.0 OR MIT,"Stjepan Glavina <stjepang@gmail.com>, Contributors to futures-rs"
base64,https://github.com/marshallpierce/rust-base64,MIT OR Apache-2.0,Marshall Pierce <marshall@mpierce.org>
bitflags,https://github.com/bitflags/bitflags,MIT OR Apache-2.0,The Rust Project Developers
block-buffer,https://github.com/RustCrypto/utils,MIT OR Apache-2.0,RustCrypto Developers
borrow-or-share,https://github.com/yescallop/borrow-or-share,MIT-0,Scallop Ye <yescallop@gmail.com>
bumpalo,https://github.com/fitzgen/bumpalo,MIT OR Apache-2.0,Nick Fitzgerald <fitzgen@gmail.com>
bytes,https://github.com/tokio-rs/bytes,MIT,"Carl Lerche <me@carllerche.com>, Sean McArthur <sean@seanmonstar.com>"
cadence,https://github.com/56quarters/cadence,Apache-2.0 OR MIT,Nick Pillitteri
cc,https://github.com/rust-lang/cc-rs,MIT OR Apache-2.0,The cc Authors
cfg-if,https://github.com/rust-lang/cfg-if,MIT OR Apache-2.0,Alex Crichton <alex@alexcrichton.com>
chrono,https://github.com/chronotope/chrono,MIT OR Apache-2.0,The chrono Authors
const_format,https://github.com/rodrimati1992/const_format_crates,Zlib,rodrimati1992 <rodrimatt1985@gmail.com>
const_format_proc_macros,https://github.com/rodrimati1992/const_format_crates,Zlib,rodrimati1992 <rodrimatt1985@gmail.com>
core-foundation-sys,https://github.com/servo/core-foundation-rs,MIT OR Apache-2.0,The Servo Project Developers
cpufeatures,https://github.com/RustCrypto/utils,MIT OR Apache-2.0,RustCrypto Developers
crossbeam-channel,https://github.com/crossbeam-rs/crossbeam,MIT OR Apache-2.0,The crossbeam-channel Authors
crossbeam-utils,https://github.com/crossbeam-rs/crossbeam,MIT OR Apache-2.0,The crossbeam-utils Authors
crypto-common,https://github.com/RustCrypto/traits,MIT OR Apache-2.0,RustCrypto Developers
ctor,https://github.com/mmastrac/rust-ctor,Apache-2.0 OR MIT,Matt Mastracci <matthew@mastracci.com>
darling,https://github.com/TedDriggs/darling,MIT,Ted Driggs <ted.driggs@outlook.com>
darling_core,https://github.com/TedDriggs/darling,MIT,Ted Driggs <ted.driggs@outlook.com>
darling_macro,https://github.com/TedDriggs/darling,MIT,Ted Driggs <ted.driggs@outlook.com>
datadog-opentelemetry,https://github.com/DataDog/dd-trace-rs/tree/main/datadog-opentelemetry,Apache-2.0,Datadog Inc. <info@datadoghq.com>
deranged,https://github.com/jhpratt/deranged,MIT OR Apache-2.0,Jacob Pratt <jacob@jhpratt.dev>
digest,https://github.com/RustCrypto/traits,MIT OR Apache-2.0,RustCrypto Developers
dyn-clone,https://github.com/dtolnay/dyn-clone,MIT OR Apache-2.0,David Tolnay <dtolnay@gmail.com>
either,https://github.com/rayon-rs/either,MIT OR Apache-2.0,The either Authors
equivalent,https://github.com/indexmap-rs/equivalent,Apache-2.0 OR MIT,The equivalent Authors
errno,https://github.com/lambda-fairy/rust-errno,MIT OR Apache-2.0,"Chris Wong <lambda.fairy@gmail.com>, Dan Gohman <dev@sunfishcode.online>"
find-msvc-tools,https://github.com/rust-lang/cc-rs,MIT OR Apache-2.0,The find-msvc-tools Authors
fluent-uri,https://github.com/yescallop/fluent-uri-rs,MIT,Scallop Ye <yescallop@gmail.com>
fnv,https://github.com/servo/rust-fnv,Apache-2.0  OR  MIT,Alex Crichton <alex@alexcrichton.com>
foldhash,https://github.com/orlp/foldhash,Zlib,Orson Peters <orsonpeters@gmail.com>
futures,https://github.com/rust-lang/futures-rs,MIT OR Apache-2.0,The futures Authors
futures-channel,https://github.com/rust-lang/futures-rs,MIT OR Apache-2.0,The futures-channel Authors
futures-core,https://github.com/rust-lang/futures-rs,MIT OR Apache-2.0,The futures-core Authors
futures-executor,https://github.com/rust-lang/futures-rs,MIT OR Apache-2.0,The futures-executor Authors
futures-io,https://github.com/rust-lang/futures-rs,MIT OR Apache-2.0,The futures-io Authors
futures-macro,https://github.com/rust-lang/futures-rs,MIT OR Apache-2.0,The futures-macro Authors
futures-sink,https://github.com/rust-lang/futures-rs,MIT OR Apache-2.0,The futures-sink Authors
futures-task,https://github.com/rust-lang/futures-rs,MIT OR Apache-2.0,The futures-task Authors
futures-util,https://github.com/rust-lang/futures-rs,MIT OR Apache-2.0,The futures-util Authors
generic-array,https://github.com/fizyk20/generic-array,MIT,"Bartłomiej Kamiński <fizyk20@gmail.com>, Aaron Trent <novacrazy@gmail.com>"
getrandom,https://github.com/rust-random/getrandom,MIT OR Apache-2.0,The Rand Project Developers
hashbrown,https://github.com/rust-lang/hashbrown,MIT OR Apache-2.0,Amanieu d'Antras <amanieu@gmail.com>
hashbrown,https://github.com/rust-lang/hashbrown,MIT OR Apache-2.0,The hashbrown Authors
heck,https://github.com/withoutboats/heck,MIT OR Apache-2.0,The heck Authors
hex,https://github.com/KokaKiwi/rust-hex,MIT OR Apache-2.0,KokaKiwi <kokakiwi@kokakiwi.net>
http,https://github.com/hyperium/http,MIT OR Apache-2.0,"Alex Crichton <alex@alexcrichton.com>, Carl Lerche <me@carllerche.com>, Sean McArthur <sean@seanmonstar.com>"
http-body,https://github.com/hyperium/http-body,MIT,"Carl Lerche <me@carllerche.com>, Lucio Franco <luciofranco14@gmail.com>, Sean McArthur <sean@seanmonstar.com>"
http-body-util,https://github.com/hyperium/http-body,MIT,"Carl Lerche <me@carllerche.com>, Lucio Franco <luciofranco14@gmail.com>, Sean McArthur <sean@seanmonstar.com>"
http-serde,https://gitlab.com/kornelski/http-serde,Apache-2.0 OR MIT,Kornel <kornel@geekhood.net>
httparse,https://github.com/seanmonstar/httparse,MIT OR Apache-2.0,Sean McArthur <sean@seanmonstar.com>
hyper,https://github.com/hyperium/hyper,MIT,Sean McArthur <sean@seanmonstar.com>
hyper-util,https://github.com/hyperium/hyper-util,MIT,Sean McArthur <sean@seanmonstar.com>
iana-time-zone,https://github.com/strawlab/iana-time-zone,MIT OR Apache-2.0,"Andrew Straw <strawman@astraw.com>, René Kijewski <rene.kijewski@fu-berlin.de>, Ryan Lopopolo <rjl@hyperbo.la>"
iana-time-zone-haiku,https://github.com/strawlab/iana-time-zone,MIT OR Apache-2.0,René Kijewski <crates.io@k6i.de>
ident_case,https://github.com/TedDriggs/ident_case,MIT OR Apache-2.0,Ted Driggs <ted.driggs@outlook.com>
indexmap,https://github.com/bluss/indexmap,Apache-2.0 OR MIT,The indexmap Authors
indexmap,https://github.com/indexmap-rs/indexmap,Apache-2.0 OR MIT,The indexmap Authors
itertools,https://github.com/rust-itertools/itertools,MIT OR Apache-2.0,bluss
itoa,https://github.com/dtolnay/itoa,MIT OR Apache-2.0,David Tolnay <dtolnay@gmail.com>
js-sys,https://github.com/wasm-bindgen/wasm-bindgen/tree/master/crates/js-sys,MIT OR Apache-2.0,The wasm-bindgen Developers
konst,https://github.com/rodrimati1992/konst,Zlib,rodrimati1992 <rodrimatt1985@gmail.com>
konst_macro_rules,https://github.com/rodrimati1992/konst,Zlib,rodrimati1992 <rodrimatt1985@gmail.com>
lambda_runtime,https://github.com/awslabs/aws-lambda-rust-runtime,Apache-2.0,"David Calavera <dcalaver@amazon.com>, Harold Sun <sunhua@amazon.com>"
lambda_runtime_api_client,https://github.com/awslabs/aws-lambda-rust-runtime,Apache-2.0,"David Calavera <dcalaver@amazon.com>, Harold Sun <sunhua@amazon.com>"
lazy_static,https://github.com/rust-lang-nursery/lazy-static.rs,MIT OR Apache-2.0,Marvin Löbel <loebel.marvin@gmail.com>
libc,https://github.com/rust-lang/libc,MIT OR Apache-2.0,The libc Authors
libdd-capabilities,https://github.com/DataDog/libdatadog/tree/main/libdd-capabilities,Apache-2.0,The libdd-capabilities Authors
libdd-capabilities-impl,https://github.com/DataDog/libdatadog/tree/main/libdd-capabilities-impl,Apache-2.0,The libdd-capabilities-impl Authors
libdd-common,https://github.com/DataDog/libdatadog/tree/main/datadog-common,Apache-2.0,The libdd-common Authors
libdd-data-pipeline,https://github.com/DataDog/libdatadog/tree/main/libdd-data-pipeline,Apache-2.0,The libdd-data-pipeline Authors
libdd-ddsketch,https://github.com/DataDog/libdatadog/tree/main/libdd-ddsketch,Apache-2.0,The libdd-ddsketch Authors
libdd-dogstatsd-client,https://github.com/DataDog/libdatadog/tree/main/libdd-dogstatsd-client,Apache-2.0,The libdd-dogstatsd-client Authors
libdd-library-config,https://github.com/DataDog/libdatadog/tree/main/libdd-library-config,Apache-2.0,The libdd-library-config Authors
libdd-remote-config,https://github.com/DataDog/libdatadog/tree/main/libdd-remote-config,Apache-2.0,Datadog Inc. <info@datadoghq.com>
libdd-sampling,https://github.com/DataDog/libdatadog/tree/main/libdd-sampling,Apache-2.0,Datadog Inc. <info@datadoghq.com>
libdd-shared-runtime,https://github.com/DataDog/libdatadog/tree/main/libdd-shared-runtime,Apache-2.0,The libdd-shared-runtime Authors
libdd-telemetry,https://github.com/DataDog/libdatadog/tree/main/libdd-telemetry,Apache-2.0,The libdd-telemetry Authors
libdd-tinybytes,https://github.com/DataDog/libdatadog/tree/main/libdd-tinybytes,Apache-2.0,The libdd-tinybytes Authors
libdd-trace-inferrer,https://github.com/DataDog/libdatadog/tree/main/libdd-trace-inferrer,Apache-2.0,The libdd-trace-inferrer Authors
libdd-trace-normalization,https://github.com/DataDog/libdatadog/tree/main/libdd-trace-normalization,Apache-2.0,David Lee <david.lee@datadoghq.com>
libdd-trace-obfuscation,https://github.com/DataDog/libdatadog/tree/main/libdd-trace-obfuscation,Apache-2.0,Datadog Inc. <info@datadoghq.com>
libdd-trace-protobuf,https://github.com/DataDog/libdatadog/tree/main/libdd-trace-protobuf,Apache-2.0,The libdd-trace-protobuf Authors
libdd-trace-stats,https://github.com/DataDog/libdatadog/tree/main/libdd-trace-stats,Apache-2.0,The libdd-trace-stats Authors
libdd-trace-utils,https://github.com/DataDog/libdatadog/tree/main/libdd-trace-utils,Apache-2.0,The libdd-trace-utils Authors
linux-raw-sys,https://github.com/sunfishcode/linux-raw-sys,Apache-2.0 WITH LLVM-exception OR Apache-2.0 OR MIT,Dan Gohman <dev@sunfishcode.online>
log,https://github.com/rust-lang/log,MIT OR Apache-2.0,The Rust Project Developers
lru,https://github.com/jeromefroe/lru-rs,MIT,Jerome Froelich <jeromefroelic@hotmail.com>
manual_future,https://github.com/dmarcuse/manual_future,MIT,Dana Marcuse <dana@marcuse.us>
matchers,https://github.com/hawkw/matchers,MIT,Eliza Weisman <eliza@buoyant.io>
memchr,https://github.com/BurntSushi/memchr,Unlicense OR MIT,"Andrew Gallant <jamslam@gmail.com>, bluss"
memfd,https://github.com/lucab/memfd-rs,MIT OR Apache-2.0,"Luca Bruno <lucab@lucabruno.net>, Simonas Kazlauskas <memfd@kazlauskas.me>"
mio,https://github.com/tokio-rs/mio,MIT,"Carl Lerche <me@carllerche.com>, Thomas de Zeeuw <thomasdezeeuw@gmail.com>, Tokio Contributors <team@tokio.rs>"
nix,https://github.com/nix-rust/nix,MIT,The nix-rust Project Developers
num-conv,https://github.com/jhpratt/num-conv,MIT OR Apache-2.0,Jacob Pratt <jacob@jhpratt.dev>
num-traits,https://github.com/rust-num/num-traits,MIT OR Apache-2.0,The Rust Project Developers
once_cell,https://github.com/matklad/once_cell,MIT OR Apache-2.0,Aleksey Kladov <aleksey.kladov@gmail.com>
opentelemetry,https://github.com/open-telemetry/opentelemetry-rust/tree/main/opentelemetry,Apache-2.0,The opentelemetry Authors
opentelemetry-semantic-conventions,https://github.com/open-telemetry/opentelemetry-rust/tree/main/opentelemetry-semantic-conventions,Apache-2.0,The opentelemetry-semantic-conventions Authors
opentelemetry_sdk,https://github.com/open-telemetry/opentelemetry-rust/tree/main/opentelemetry-sdk,Apache-2.0,The opentelemetry_sdk Authors
percent-encoding,https://github.com/servo/rust-url,MIT OR Apache-2.0,The rust-url developers
pin-project,https://github.com/taiki-e/pin-project,Apache-2.0 OR MIT,The pin-project Authors
pin-project-internal,https://github.com/taiki-e/pin-project,Apache-2.0 OR MIT,The pin-project-internal Authors
pin-project-lite,https://github.com/taiki-e/pin-project-lite,Apache-2.0 OR MIT,The pin-project-lite Authors
portable-atomic,https://github.com/taiki-e/portable-atomic,Apache-2.0 OR MIT,The portable-atomic Authors
powerfmt,https://github.com/jhpratt/powerfmt,MIT OR Apache-2.0,Jacob Pratt <jacob@jhpratt.dev>
ppv-lite86,https://github.com/cryptocorrosion/cryptocorrosion,MIT OR Apache-2.0,The CryptoCorrosion Contributors
proc-macro2,https://github.com/dtolnay/proc-macro2,MIT OR Apache-2.0,"David Tolnay <dtolnay@gmail.com>, Alex Crichton <alex@alexcrichton.com>"
prost,https://github.com/tokio-rs/prost,Apache-2.0,"Dan Burkert <dan@danburkert.com>, Lucio Franco <luciofranco14@gmail.com>, Casper Meijn <casper@meijn.net>, Tokio Contributors <team@tokio.rs>"
prost-derive,https://github.com/tokio-rs/prost,Apache-2.0,"Dan Burkert <dan@danburkert.com>, Lucio Franco <luciofranco14@gmail.com>, Casper Meijn <casper@meijn.net>, Tokio Contributors <team@tokio.rs>"
quote,https://github.com/dtolnay/quote,MIT OR Apache-2.0,David Tolnay <dtolnay@gmail.com>
r-efi,https://github.com/r-efi/r-efi,MIT OR Apache-2.0 OR LGPL-2.1-or-later,The r-efi Authors
rand,https://github.com/rust-random/rand,MIT OR Apache-2.0,"The Rand Project Developers, The Rust Project Developers"
rand_chacha,https://github.com/rust-random/rand,MIT OR Apache-2.0,"The Rand Project Developers, The Rust Project Developers, The CryptoCorrosion Contributors"
rand_core,https://github.com/rust-random/rand,MIT OR Apache-2.0,"The Rand Project Developers, The Rust Project Developers"
ref-cast,https://github.com/dtolnay/ref-cast,MIT OR Apache-2.0,David Tolnay <dtolnay@gmail.com>
ref-cast-impl,https://github.com/dtolnay/ref-cast,MIT OR Apache-2.0,David Tolnay <dtolnay@gmail.com>
regex,https://github.com/rust-lang/regex,MIT OR Apache-2.0,"The Rust Project Developers, Andrew Gallant <jamslam@gmail.com>"
regex-automata,https://github.com/rust-lang/regex,MIT OR Apache-2.0,"The Rust Project Developers, Andrew Gallant <jamslam@gmail.com>"
regex-syntax,https://github.com/rust-lang/regex,MIT OR Apache-2.0,"The Rust Project Developers, Andrew Gallant <jamslam@gmail.com>"
rmp,https://github.com/3Hren/msgpack-rust,MIT,"Evgeny Safronov <division494@gmail.com>, Kornel <kornel@geekhood.net>"
rmp-serde,https://github.com/3Hren/msgpack-rust,MIT,Evgeny Safronov <division494@gmail.com>
rmpv,https://github.com/3Hren/msgpack-rust,MIT,Evgeny Safronov <division494@gmail.com>
rustc-hash,https://github.com/rust-lang/rustc-hash,Apache-2.0 OR MIT,The Rust Project Developers
rustc_version,https://github.com/djc/rustc-version-rs,MIT OR Apache-2.0,The rustc_version Authors
rustc_version_runtime,https://github.com/seppo0010/rustc-version-runtime-rs,MIT,Sebastian Waisbrot <seppo0010@gmail.com>
rustix,https://github.com/bytecodealliance/rustix,Apache-2.0 WITH LLVM-exception OR Apache-2.0 OR MIT,"Dan Gohman <dev@sunfishcode.online>, Jakub Konka <kubkon@jakubkonka.com>"
rustversion,https://github.com/dtolnay/rustversion,MIT OR Apache-2.0,David Tolnay <dtolnay@gmail.com>
ryu,https://github.com/dtolnay/ryu,Apache-2.0 OR BSL-1.0,David Tolnay <dtolnay@gmail.com>
schemars,https://github.com/GREsau/schemars,MIT,Graham Esau <gesau@hotmail.co.uk>
semver,https://github.com/dtolnay/semver,MIT OR Apache-2.0,David Tolnay <dtolnay@gmail.com>
serde,https://github.com/serde-rs/serde,MIT OR Apache-2.0,"Erick Tryzelaar <erick.tryzelaar@gmail.com>, David Tolnay <dtolnay@gmail.com>"
serde-transcode,https://github.com/sfackler/serde-transcode,MIT OR Apache-2.0,Steven Fackler <sfackler@palantir.com>
serde_bytes,https://github.com/serde-rs/bytes,MIT OR Apache-2.0,David Tolnay <dtolnay@gmail.com>
serde_core,https://github.com/serde-rs/serde,MIT OR Apache-2.0,"Erick Tryzelaar <erick.tryzelaar@gmail.com>, David Tolnay <dtolnay@gmail.com>"
serde_derive,https://github.com/serde-rs/serde,MIT OR Apache-2.0,"Erick Tryzelaar <erick.tryzelaar@gmail.com>, David Tolnay <dtolnay@gmail.com>"
serde_json,https://github.com/serde-rs/json,MIT OR Apache-2.0,"Erick Tryzelaar <erick.tryzelaar@gmail.com>, David Tolnay <dtolnay@gmail.com>"
serde_path_to_error,https://github.com/dtolnay/path-to-error,MIT OR Apache-2.0,David Tolnay <dtolnay@gmail.com>
serde_with,https://github.com/jonasbb/serde_with,MIT OR Apache-2.0,"Jonas Bushart, Marcin Kaźmierczak"
serde_with_macros,https://github.com/jonasbb/serde_with,MIT OR Apache-2.0,Jonas Bushart
serde_yaml,https://github.com/dtolnay/serde-yaml,MIT OR Apache-2.0,David Tolnay <dtolnay@gmail.com>
sha2,https://github.com/RustCrypto/hashes,MIT OR Apache-2.0,RustCrypto Developers
sharded-slab,https://github.com/hawkw/sharded-slab,MIT,Eliza Weisman <eliza@buoyant.io>
shlex,https://github.com/comex/rust-shlex,MIT OR Apache-2.0,"comex <comexk@gmail.com>, Fenhl <fenhl@fenhl.net>, Adrian Taylor <adetaylor@chromium.org>, Alex Touchet <alextouchet@outlook.com>, Daniel Parks <dp+git@oxidized.org>, Garrett Berg <googberg@gmail.com>"
slab,https://github.com/tokio-rs/slab,MIT,Carl Lerche <me@carllerche.com>
smallvec,https://github.com/servo/rust-smallvec,MIT OR Apache-2.0,The Servo Project Developers
socket2,https://github.com/rust-lang/socket2,MIT OR Apache-2.0,"Alex Crichton <alex@alexcrichton.com>, Thomas de Zeeuw <thomasdezeeuw@gmail.com>"
static_assertions,https://github.com/nvzqz/static-assertions-rs,MIT OR Apache-2.0,Nikolai Vazquez
strsim,https://github.com/rapidfuzz/strsim-rs,MIT,"Danny Guo <danny@dannyguo.com>, maxbachmann <oss@maxbachmann.de>"
strum,https://github.com/Peternator7/strum,MIT,Peter Glotfelty <peter.glotfelty@microsoft.com>
strum_macros,https://github.com/Peternator7/strum,MIT,Peter Glotfelty <peter.glotfelty@microsoft.com>
syn,https://github.com/dtolnay/syn,MIT OR Apache-2.0,David Tolnay <dtolnay@gmail.com>
sys-info,https://github.com/FillZpp/sys-info-rs,MIT,Siyu Wang <FillZpp.pub@gmail.com>
thin-vec,https://github.com/mozilla/thin-vec,MIT OR Apache-2.0,Aria Beingessner <a.beingessner@gmail.com>
thiserror,https://github.com/dtolnay/thiserror,MIT OR Apache-2.0,David Tolnay <dtolnay@gmail.com>
thiserror-impl,https://github.com/dtolnay/thiserror,MIT OR Apache-2.0,David Tolnay <dtolnay@gmail.com>
thread_local,https://github.com/Amanieu/thread_local-rs,MIT OR Apache-2.0,Amanieu d'Antras <amanieu@gmail.com>
time,https://github.com/time-rs/time,MIT OR Apache-2.0,"Jacob Pratt <open-source@jhpratt.dev>, Time contributors"
time-core,https://github.com/time-rs/time,MIT OR Apache-2.0,"Jacob Pratt <open-source@jhpratt.dev>, Time contributors"
time-macros,https://github.com/time-rs/time,MIT OR Apache-2.0,"Jacob Pratt <open-source@jhpratt.dev>, Time contributors"
tokio,https://github.com/tokio-rs/tokio,MIT,Tokio Contributors <team@tokio.rs>
tokio-macros,https://github.com/tokio-rs/tokio,MIT,Tokio Contributors <team@tokio.rs>
tokio-stream,https://github.com/tokio-rs/tokio,MIT,Tokio Contributors <team@tokio.rs>
tokio-util,https://github.com/tokio-rs/tokio,MIT,Tokio Contributors <team@tokio.rs>
tower,https://github.com/tower-rs/tower,MIT,Tower Maintainers <team@tower-rs.com>
tower-layer,https://github.com/tower-rs/tower,MIT,Tower Maintainers <team@tower-rs.com>
tower-service,https://github.com/tower-rs/tower,MIT,Tower Maintainers <team@tower-rs.com>
tracing,https://github.com/tokio-rs/tracing,MIT,"Eliza Weisman <eliza@buoyant.io>, Tokio Contributors <team@tokio.rs>"
tracing-attributes,https://github.com/tokio-rs/tracing,MIT,"Tokio Contributors <team@tokio.rs>, Eliza Weisman <eliza@buoyant.io>, David Barsky <dbarsky@amazon.com>"
tracing-core,https://github.com/tokio-rs/tracing,MIT,Tokio Contributors <team@tokio.rs>
tracing-serde,https://github.com/tokio-rs/tracing,MIT,Tokio Contributors <team@tokio.rs>
tracing-subscriber,https://github.com/tokio-rs/tracing,MIT,"Eliza Weisman <eliza@buoyant.io>, David Barsky <me@davidbarsky.com>, Tokio Contributors <team@tokio.rs>"
try-lock,https://github.com/seanmonstar/try-lock,MIT,Sean McArthur <sean@seanmonstar.com>
typenum,https://github.com/paholg/typenum,MIT OR Apache-2.0,The typenum Authors
unicode-ident,https://github.com/dtolnay/unicode-ident,(MIT OR Apache-2.0) AND Unicode-3.0,David Tolnay <dtolnay@gmail.com>
unicode-xid,https://github.com/unicode-rs/unicode-xid,MIT OR Apache-2.0,"erick.tryzelaar <erick.tryzelaar@gmail.com>, kwantam <kwantam@gmail.com>, Manish Goregaokar <manishsmail@gmail.com>"
unsafe-libyaml,https://github.com/dtolnay/unsafe-libyaml,MIT,David Tolnay <dtolnay@gmail.com>
uuid,https://github.com/uuid-rs/uuid,Apache-2.0 OR MIT,"Ashley Mannix<ashleymannix@live.com.au>, Dylan DPC<dylan.dpc@gmail.com>, Hunar Roop Kahlon<hunar.roop@gmail.com>"
valuable,https://github.com/tokio-rs/valuable,MIT,The valuable Authors
want,https://github.com/seanmonstar/want,MIT,Sean McArthur <sean@seanmonstar.com>
wasi,https://github.com/bytecodealliance/wasi,Apache-2.0 WITH LLVM-exception OR Apache-2.0 OR MIT,The Cranelift Project Developers
wasip2,https://github.com/bytecodealliance/wasi-rs,Apache-2.0 WITH LLVM-exception OR Apache-2.0 OR MIT,The wasip2 Authors
wasm-bindgen,https://github.com/wasm-bindgen/wasm-bindgen,MIT OR Apache-2.0,The wasm-bindgen Developers
wasm-bindgen-futures,https://github.com/wasm-bindgen/wasm-bindgen/tree/master/crates/futures,MIT OR Apache-2.0,The wasm-bindgen Developers
wasm-bindgen-macro,https://github.com/wasm-bindgen/wasm-bindgen/tree/master/crates/macro,MIT OR Apache-2.0,The wasm-bindgen Developers
wasm-bindgen-macro-support,https://github.com/wasm-bindgen/wasm-bindgen/tree/main/crates/macro-support,MIT OR Apache-2.0,The wasm-bindgen Developers
wasm-bindgen-shared,https://github.com/wasm-bindgen/wasm-bindgen/tree/master/crates/shared,MIT OR Apache-2.0,The wasm-bindgen Developers
web-time,https://github.com/daxpedda/web-time,MIT OR Apache-2.0,The web-time Authors
windows,https://github.com/microsoft/windows-rs,MIT OR Apache-2.0,Microsoft
windows-core,https://github.com/microsoft/windows-rs,MIT OR Apache-2.0,The windows-core Authors
windows-implement,https://github.com/microsoft/windows-rs,MIT OR Apache-2.0,The windows-implement Authors
windows-interface,https://github.com/microsoft/windows-rs,MIT OR Apache-2.0,The windows-interface Authors
windows-link,https://github.com/microsoft/windows-rs,MIT OR Apache-2.0,The windows-link Authors
windows-result,https://github.com/microsoft/windows-rs,MIT OR Apache-2.0,The windows-result Authors
windows-strings,https://github.com/microsoft/windows-rs,MIT OR Apache-2.0,The windows-strings Authors
windows-sys,https://github.com/microsoft/windows-rs,MIT OR Apache-2.0,Microsoft
windows-sys,https://github.com/microsoft/windows-rs,MIT OR Apache-2.0,The windows-sys Authors
windows-targets,https://github.com/microsoft/windows-rs,MIT OR Apache-2.0,Microsoft
windows_aarch64_gnullvm,https://github.com/microsoft/windows-rs,MIT OR Apache-2.0,Microsoft
windows_aarch64_msvc,https://github.com/microsoft/windows-rs,MIT OR Apache-2.0,Microsoft
windows_i686_gnu,https://github.com/microsoft/windows-rs,MIT OR Apache-2.0,Microsoft
windows_i686_gnullvm,https://github.com/microsoft/windows-rs,MIT OR Apache-2.0,Microsoft
windows_i686_msvc,https://github.com/microsoft/windows-rs,MIT OR Apache-2.0,Microsoft
windows_x86_64_gnu,https://github.com/microsoft/windows-rs,MIT OR Apache-2.0,Microsoft
windows_x86_64_gnullvm,https://github.com/microsoft/windows-rs,MIT OR Apache-2.0,Microsoft
windows_x86_64_msvc,https://github.com/microsoft/windows-rs,MIT OR Apache-2.0,Microsoft
winver,https://github.com/rhysd/winver,MIT,rhysd <lin90162@yahoo.co.jp>
wit-bindgen,https://github.com/bytecodealliance/wit-bindgen,Apache-2.0 WITH LLVM-exception OR Apache-2.0 OR MIT,Alex Crichton <alex@alexcrichton.com>
zerocopy,https://github.com/google/zerocopy,BSD-2-Clause OR Apache-2.0 OR MIT,The zerocopy Authors
zerocopy-derive,https://github.com/google/zerocopy,BSD-2-Clause OR Apache-2.0 OR MIT,The zerocopy-derive Authors
zmij,https://github.com/dtolnay/zmij,MIT,David Tolnay <dtolnay@gmail.com>
